model,MAE,RMSE,MAPE,test_MAE,test_RMSE,test_MAPE
B1_naive-last,6.444814814814815,8.20102295260389,4.39792166354992,6.342438271604938,8.05906919540317,4.1485481293996385
B2_moving-average,12.702012786596118,15.217644526713752,8.81686403093607,12.74030864197531,15.238698825884764,8.549006329583134
B3_ridge-lag-features,6.445173254407104,7.947281720831072,4.309215592794689,5.431345437408358,6.939907014683583,3.5316304815186066
R1_gru-forecast,5.456699472569339,7.080919418561753,3.6602156169020015,6.456124208320692,8.25802880381223,4.14539415859456
